{"cameraMode":{"drawMode":0,"name":"Shaded","section":"Shading Mode"},"sceneLighting":false,"audioPlay":false,"sceneViewState":{"m_AlwaysRefresh":false,"showFog":true,"showSkybox":true,"showFlares":true,"showImageEffects":true,"showParticleSystems":true,"showVisualEffectGraphs":true,"m_FxEnabled":false},"in2DMode":false,"pivot":{"x":-1.1700432300567628,"y":0.6866509914398193,"z":3.542557954788208},"rotation":{"x":0.22612226009368897,"y":-0.09597999602556229,"z":0.022325962781906129,"w":0.9691686034202576},"size":3.8177919387817385,"orthographic":false}